expMJD,_ra,_dec,filter,fiveSigmaDepth
0.166667,1,1.5,lsstg,25.7
0.166667,1,1.5,lsstr,25.3
0.166667,1,1.5,lssti,24.9
0.333333,1,1.5,lsstg,25.7
0.333333,1,1.5,lsstr,25.3
0.333333,1,1.5,lssti,24.9
0.5,1,1.5,lsstg,25.7
0.5,1,1.5,lsstr,25.3
0.5,1,1.5,lssti,24.9
1,1,1.5,lsstg,26
1,1,1.5,lssti,25.1
2,1,1.5,lsstg,26
2,1,1.5,lssti,25.1
3,1,1.5,lsstg,26
3,1,1.5,lssti,25.1
