expMJD,_ra,_dec,filter,fiveSigmaDepth
0.166667,1,1.5,lsstg,25
0.166667,1,1.5,lssti,23
1.166667,1,1.5,lssti,23
2.166667,1,1.5,lssti,23
3.166667,1,1.5,lssti,23
0.166667,1,1.5,lsstr,24.5
1.166667,1,1.5,lsstr,24.5
2.166667,1,1.5,lsstr,24.5
3.166667,1,1.5,lsstr,24.5
