expMJD,_ra,_dec,filter,fiveSigmaDepth
0.416667,1,1.5,lsstg,25
0.416667,1,1.5,lssti,23
1.416667,1,1.5,lssti,23
2.416667,1,1.5,lssti,23
3.416667,1,1.5,lssti,23
0.416667,1,1.5,lsstr,24.5
1.416667,1,1.5,lsstr,24.5
2.416667,1,1.5,lsstr,24.5
3.416667,1,1.5,lsstr,24.5
